{"01_\u6a21\u5757\u7ed3\u6784\u56fe": [5.5, 1.4409594095940959], "02_\u4e3b\u7a0b\u5e8f\u6d41\u7a0b\u56fe": [4.159941305942773, 5.0], "03_Insert\u6d41\u7a0b\u56fe": [3.11787072243346, 5.0], "04_Delete\u6d41\u7a0b\u56fe": [3.066176470588235, 5.0], "05_SearchById\u6d41\u7a0b\u56fe": [3.409090909090909, 5.0], "06_SearchByName\u6d41\u7a0b\u56fe": [4.2302955665024635, 5.0], "07_Update\u6d41\u7a0b\u56fe": [3.211206896551724, 5.0], "08_TraverseTable\u6d41\u7a0b\u56fe": [1.7688172043010753, 5.0], "09a_SortAndExport\u4e0a": [2.7178423236514524, 5.0], "09b_SortAndExport\u4e0b": [2.342007434944238, 5.0]}