{"01_\u6a21\u5757\u7ed3\u6784\u56fe": [5.5, 0.7881944444444444, false], "02_\u4e3b\u7a0b\u5e8f\u6d41\u7a0b\u56fe": [5.5, 5.34375, false], "03_Insert\u6d41\u7a0b\u56fe": [5.0, 6.474226804123711, true], "04_Delete\u6d41\u7a0b\u56fe": [5.0, 6.107859531772575, true], "05_SearchById\u6d41\u7a0b\u56fe": [5.0, 6.071863580998782, true], "06_SearchByName\u6d41\u7a0b\u56fe": [5.0, 5.115350488021296, false], "07_Update\u6d41\u7a0b\u56fe": [5.0, 6.189075630252101, true], "08_TraverseTable\u6d41\u7a0b\u56fe": [4.0, 9.445454545454545, true], "09a_SortAndExport\u4e0a": [5.0, 5.882694541231127, true], "09b_SortAndExport\u4e0b": [4.5, 6.88608870967742, true]}