{"01_\u6a21\u5757\u7ed3\u6784\u56fe": [4.5, 4.7, false], "02_\u4e3b\u7a0b\u5e8f\u6d41\u7a0b\u56fe": [4.0, 6.028235294117647, true], "04_Insert\u6d41\u7a0b\u56fe": [4.0, 4.927756653992396, false], "05_TraverseTable\u6d41\u7a0b\u56fe": [3.5, 6.338709677419355, true], "06_Delete\u6d41\u7a0b\u56fe": [4.0, 6.082397003745318, true], "07_SearchById\u6d41\u7a0b\u56fe": [4.0, 5.678082191780822, true], "08_SearchByName\u6d41\u7a0b\u56fe": [4.5, 5.288659793814433, false], "09_Update\u6d41\u7a0b\u56fe": [4.5, 3.8032006920415227, false], "03_SortAndExport\u6d41\u7a0b\u56fe": [3.5, 6.126436781609196, true]}