{"01_\u6a21\u5757\u7ed3\u6784\u56fe": [5.0, 1.3764450867052023, false], "02_\u4e3b\u7a0b\u5e8f\u6d41\u7a0b\u56fe": [5.0, 5.671965317919075, true], "03_Insert\u6d41\u7a0b\u56fe": [4.5, 7.9247237569060776, true], "04_Delete\u6d41\u7a0b\u56fe": [4.5, 7.33029197080292, true], "05_SearchById\u6d41\u7a0b\u56fe": [5.0, 7.6767676767676765, true], "06_SearchByName\u6d41\u7a0b\u56fe": [5.0, 5.37784679089027, false], "07_Update\u6d41\u7a0b\u56fe": [5.0, 7.264908256880735, true], "08_TraverseTable\u6d41\u7a0b\u56fe": [3.5, 9.659630606860159, true], "09a_SortAndExport\u4e0a": [4.0, 7.679180887372014, true], "09b_SortAndExport\u4e0b": [3.5, 14.088129496402878, true]}