{"01_\u6a21\u5757\u7ed3\u6784\u56fe": [5.5, 1.3511560693641618, false], "02_\u4e3b\u7a0b\u5e8f\u6d41\u7a0b\u56fe": [4.0, 6.028235294117647, true], "03a_SortAndExport\u4e0a": [5.0, 4.962686567164179, false], "03b_SortAndExport\u4e0b": [4.5, 5.887850467289719, true], "04_Insert\u6d41\u7a0b\u56fe": [4.5, 5.543726235741445, true], "05_TraverseTable\u6d41\u7a0b\u56fe": [4.0, 7.244239631336406, true], "06_Delete\u6d41\u7a0b\u56fe": [4.0, 6.082397003745318, true], "07_SearchById\u6d41\u7a0b\u56fe": [4.5, 6.387842465753425, true], "08_SearchByName\u6d41\u7a0b\u56fe": [4.5, 5.288659793814433, false], "09_Update\u6d41\u7a0b\u56fe": [5.0, 4.225778546712803, false]}