{"01_\u6a21\u5757\u7ed3\u6784\u56fe": [5.5, 1.4067919075144508, false], "02_\u4e3b\u7a0b\u5e8f\u6d41\u7a0b\u56fe": [4.0, 6.028235294117647, true], "03_Insert\u6d41\u7a0b\u56fe": [4.5, 5.511095700416089, true], "04_Delete\u6d41\u7a0b\u56fe": [4.5, 6.747011952191235, true], "05_SearchById\u6d41\u7a0b\u56fe": [4.5, 6.342857142857143, true], "06_SearchByName\u6d41\u7a0b\u56fe": [4.5, 5.328756058158319, false], "07_Update\u6d41\u7a0b\u56fe": [4.5, 4.988764044943821, false], "08_TraverseTable\u6d41\u7a0b\u56fe": [4.0, 7.244239631336406, true], "09a_SortAndExport\u4e0a": [5.0, 4.962686567164179, false], "09b_SortAndExport\u4e0b": [4.5, 4.952102803738318, false]}