{"01_\u6a21\u5757\u7ed3\u6784\u56fe": [5.5, 1.4067919075144508, false], "02_\u4e3b\u7a0b\u5e8f\u6d41\u7a0b\u56fe": [4.0, 6.028235294117647, true], "03_Insert\u6d41\u7a0b\u56fe": [4.0, 7.388781431334623, true], "04_Delete\u6d41\u7a0b\u56fe": [4.0, 6.904191616766467, true], "05_SearchById\u6d41\u7a0b\u56fe": [4.5, 6.548571428571428, true], "06_SearchByName\u6d41\u7a0b\u56fe": [4.5, 5.328756058158319, false], "07_Update\u6d41\u7a0b\u56fe": [4.0, 6.614840989399293, true], "08_TraverseTable\u6d41\u7a0b\u56fe": [4.0, 13.40625, true], "09a_SortAndExport\u4e0a": [4.0, 7.079069767441861, true], "09b_SortAndExport\u4e0b": [4.0, 8.2, true]}